,x,y,w,h,class,conf,time,frame,ledge,filename
0,198.4664764404297,911.2789916992188,320.0541687011719,1022.6451416015625,0.0,0.3216917812824249,1656889955.07928,18877,BONDEN6,Auklab1_BONDEN6_2022-07-03_23.00.00.mp4
